panId,iRms,created
0013A20040B09A44,14.4,2016-12-10T18:38:17.912Z
0013A20040B09A44,1.67,2016-12-10T18:38:28.194Z
0013A20040B09A44,1.66,2016-12-10T18:42:05.725Z
0013A20040B09A44,1.67,2016-12-10T18:42:14.446Z
0013A20040B09A44,1.66,2016-12-10T18:42:24.724Z
0013A20040B09A44,1.67,2016-12-10T18:43:05.863Z
0013A20040B09A44,0.12,2016-12-10T18:44:19.609Z
0013A20040B09A44,0.12,2016-12-10T18:44:59.056Z
0013A20040B09A44,0.12,2016-12-10T18:45:10.916Z
0013A20040B09A44,0.12,2016-12-10T18:45:21.210Z
0013A20040B09A44,0.12,2016-12-10T18:46:11.270Z
0013A20040B09A44,0.12,2016-12-10T18:46:31.750Z
0013A20040B09A44,0.11,2016-12-10T18:46:43.565Z
0013A20040B09A44,0.12,2016-12-10T18:46:52.349Z
0013A20040B09A44,0.11,2016-12-10T18:47:14.693Z
0013A20040B09A44,0.11,2016-12-10T18:47:35.052Z
0013A20040B09A44,0.12,2016-12-10T18:47:43.821Z
0013A20040B09A44,0.11,2016-12-10T18:47:54.075Z
0013A20040B09A44,0.11,2016-12-10T18:48:25.133Z
0013A20040B09A44,0.11,2016-12-10T18:48:36.890Z
0013A20040B09A44,0.11,2016-12-10T18:49:06.158Z
0013A20040B09A44,0.11,2016-12-10T18:49:28.481Z
0013A20040B09A44,0.1,2016-12-10T18:49:57.763Z
0013A20040B09A44,0.11,2016-12-10T18:50:09.721Z
0013A20040B09A44,0.11,2016-12-10T18:50:59.427Z
0013A20040B09A44,0.11,2016-12-10T18:51:09.723Z
0013A20040B09A44,0.1,2016-12-10T18:51:20.023Z
0013A20040B09A44,0.1,2016-12-10T18:51:29.270Z
0013A20040B09A44,0.1,2016-12-10T18:51:40.615Z
0013A20040B09A44,0.1,2016-12-10T18:51:49.350Z
0013A20040B09A44,0.1,2016-12-10T18:51:59.645Z
0013A20040B09A44,0.11,2016-12-10T18:52:09.945Z
0013A20040B09A44,0.11,2016-12-10T18:52:20.252Z
0013A20040B09A44,0.1,2016-12-10T18:52:30.534Z
0013A20040B09A44,0.11,2016-12-10T18:52:40.832Z
0013A20040B09A44,0.11,2016-12-10T18:52:51.127Z
0013A20040B09A44,0.11,2016-12-10T18:53:01.428Z
0013A20040B09A44,0.11,2016-12-10T18:53:11.723Z
0013A20040B09A44,0.11,2016-12-10T18:53:22.019Z
0013A20040B09A44,0.11,2016-12-10T18:53:32.318Z
0013A20040B09A44,0.11,2016-12-10T18:53:42.614Z
0013A20040B09A44,0.1,2016-12-10T18:53:52.910Z
0013A20040B09A44,0.1,2016-12-10T18:54:03.210Z
0013A20040B09A44,0.1,2016-12-10T18:54:13.522Z
0013A20040B09A44,0.1,2016-12-10T18:54:23.867Z
0013A20040B09A44,0.1,2016-12-10T18:54:45.980Z
0013A20040B09A44,0.1,2016-12-10T18:54:56.264Z
0013A20040B09A44,0.1,2016-12-10T18:55:06.562Z
0013A20040B09A44,0.1,2016-12-10T18:55:16.868Z
0013A20040B09A44,0.1,2016-12-10T18:55:27.160Z
0013A20040B09A44,0.1,2016-12-10T18:55:37.459Z
0013A20040B09A44,0.1,2016-12-10T18:55:47.755Z
0013A20040B09A44,0.1,2016-12-10T18:55:58.055Z
0013A20040B09A44,0.1,2016-12-10T18:56:08.350Z
0013A20040B09A44,0.1,2016-12-10T18:56:18.648Z
0013A20040B09A44,0.1,2016-12-10T18:56:28.946Z
0013A20040B09A44,0.1,2016-12-10T18:56:39.241Z
0013A20040B09A44,0.1,2016-12-10T18:56:49.541Z
0013A20040B09A44,0.1,2016-12-10T18:57:10.137Z
0013A20040B09A44,0.1,2016-12-10T18:57:20.436Z
0013A20040B09A44,0.1,2016-12-10T18:57:32.304Z
0013A20040B09A44,0.1,2016-12-10T18:57:41.036Z
0013A20040B09A44,0.09,2016-12-10T18:57:49.875Z
0013A20040B09A44,0.1,2016-12-10T18:58:00.187Z
0013A20040B09A44,0.09,2016-12-10T18:58:10.363Z
0013A20040B09A44,0.1,2016-12-10T18:58:20.660Z
0013A20040B09A44,0.1,2016-12-10T18:58:30.962Z
0013A20040B09A44,0.1,2016-12-10T18:58:41.263Z
0013A20040B09A44,0.1,2016-12-10T18:58:51.561Z
0013A20040B09A44,0.09,2016-12-10T18:59:01.861Z
0013A20040B09A44,0.09,2016-12-10T18:59:12.158Z
0013A20040B09A44,0.09,2016-12-10T18:59:22.457Z
0013A20040B09A44,0.09,2016-12-10T18:59:32.760Z
0013A20040B09A44,0.09,2016-12-10T18:59:43.056Z
0013A20040B09A44,0.09,2016-12-10T18:59:53.356Z
0013A20040B09A44,0.09,2016-12-10T19:00:03.661Z
0013A20040B09A44,0.09,2016-12-10T19:00:13.959Z
0013A20040B09A44,0.09,2016-12-10T19:00:24.255Z
0013A20040B09A44,0.09,2016-12-10T19:00:34.555Z
0013A20040B09A44,0.09,2016-12-10T19:00:44.855Z
0013A20040B09A44,0.09,2016-12-10T19:00:55.154Z
0013A20040B09A44,0.09,2016-12-10T19:01:05.454Z
0013A20040B09A44,0.09,2016-12-10T19:01:15.759Z
0013A20040B09A44,0.09,2016-12-10T19:01:26.054Z
0013A20040B09A44,0.09,2016-12-10T19:01:36.349Z
0013A20040B09A44,0.09,2016-12-10T19:01:46.653Z
0013A20040B09A44,0.09,2016-12-10T19:01:56.950Z
0013A20040B09A44,0.09,2016-12-10T19:02:07.249Z
0013A20040B09A44,0.09,2016-12-10T19:02:17.549Z
0013A20040B09A44,0.09,2016-12-10T19:02:27.853Z
0013A20040B09A44,0.09,2016-12-10T19:02:38.152Z
0013A20040B09A44,0.09,2016-12-10T19:02:48.448Z
0013A20040B09A44,0.08,2016-12-10T19:02:58.747Z
0013A20040B09A44,0.08,2016-12-10T19:03:09.051Z
0013A20040B09A44,0.09,2016-12-10T19:03:19.347Z
0013A20040B09A44,0.08,2016-12-10T19:03:29.645Z
0013A20040B09A44,0.09,2016-12-10T19:03:39.946Z
0013A20040B09A44,0.08,2016-12-10T19:03:50.246Z
0013A20040B09A44,0.09,2016-12-10T19:04:00.545Z
0013A20040B09A44,0.08,2016-12-10T19:04:10.844Z
0013A20040B09A44,0.08,2016-12-10T19:04:21.145Z
0013A20040B09A44,0.09,2016-12-10T19:04:31.444Z
0013A20040B09A44,1.68,2016-12-10T19:04:41.728Z
0013A20040B09A44,1.67,2016-12-10T19:04:52.012Z
0013A20040B09A44,1.66,2016-12-10T19:05:02.297Z
0013A20040B09A44,1.69,2016-12-10T19:05:12.584Z
0013A20040B09A44,1.69,2016-12-10T19:05:22.864Z
0013A20040B09A44,0.1,2016-12-10T19:05:33.164Z
0013A20040B09A44,1.71,2016-12-10T19:05:43.448Z
0013A20040B09A44,1.71,2016-12-10T19:05:53.727Z
0013A20040B09A44,1.67,2016-12-10T19:06:04.011Z
0013A20040B09A44,1.71,2016-12-10T19:06:14.294Z
0013A20040B09A44,1.66,2016-12-10T19:06:24.578Z
0013A20040B09A44,1.66,2016-12-10T19:06:34.862Z
0013A20040B09A44,1.65,2016-12-10T19:06:45.147Z
0013A20040B09A44,1.74,2016-12-10T19:06:55.433Z
0013A20040B09A44,1.65,2016-12-10T19:07:05.718Z
0013A20040B09A44,1.76,2016-12-10T19:07:16.001Z
0013A20040B09A44,1.69,2016-12-10T19:07:26.284Z
0013A20040B09A44,1.67,2016-12-10T19:07:36.568Z
0013A20040B09A44,0.09,2016-12-10T19:07:46.871Z
0013A20040B09A44,0.08,2016-12-10T19:07:58.731Z
0013A20040B09A44,1.66,2016-12-10T19:08:07.444Z
0013A20040B09A44,1.76,2016-12-10T19:08:17.727Z
0013A20040B09A44,1.79,2016-12-10T19:08:28.011Z
0013A20040B09A44,1.77,2016-12-10T19:08:38.420Z
0013A20040B09A44,1.66,2016-12-10T19:08:48.576Z
0013A20040B09A44,1.66,2016-12-10T19:08:58.861Z
0013A20040B09A44,1.66,2016-12-10T19:09:09.145Z
0013A20040B09A44,1.64,2016-12-10T19:09:19.433Z
0013A20040B09A44,1.65,2016-12-10T19:09:29.717Z
0013A20040B09A44,1.77,2016-12-10T19:09:39.996Z
0013A20040B09A44,1.73,2016-12-10T19:09:50.405Z
0013A20040B09A44,1.76,2016-12-10T19:10:00.572Z
0013A20040B09A44,1.72,2016-12-10T19:10:10.852Z
0013A20040B09A44,1.65,2016-12-10T19:10:21.137Z
0013A20040B09A44,1.72,2016-12-10T19:10:31.420Z
0013A20040B09A44,1.66,2016-12-10T19:10:41.707Z
0013A20040B09A44,1.66,2016-12-10T19:10:51.991Z
0013A20040B09A44,1.75,2016-12-10T19:11:02.274Z
0013A20040B09A44,1.75,2016-12-10T19:11:12.558Z
0013A20040B09A44,1.74,2016-12-10T19:11:22.843Z
0013A20040B09A44,1.66,2016-12-10T19:11:33.190Z
0013A20040B09A44,1.66,2016-12-10T19:11:36.262Z
0013A20040B09A44,1.65,2016-12-10T19:12:05.552Z
0013A20040B09A44,1.65,2016-12-10T19:12:15.832Z
0013A20040B09A44,1.7,2016-12-10T19:12:26.132Z
0013A20040B09A44,1.66,2016-12-10T19:12:36.402Z
0013A20040B09A44,1.7,2016-12-10T19:12:46.686Z
0013A20040B09A44,1.65,2016-12-10T19:12:56.972Z
0013A20040B09A44,1.66,2016-12-10T19:13:05.807Z
0013A20040B09A44,1.76,2016-12-10T19:13:15.972Z
0013A20040B09A44,1.74,2016-12-10T19:13:27.886Z
0013A20040B09A44,1.66,2016-12-10T19:13:39.673Z
0013A20040B09A44,1.65,2016-12-10T19:13:47.354Z
0013A20040B09A44,1.65,2016-12-10T19:13:57.109Z
0013A20040B09A44,1.71,2016-12-10T19:14:07.393Z
0013A20040B09A44,1.7,2016-12-10T19:14:17.685Z
0013A20040B09A44,1.65,2016-12-10T19:14:27.961Z
0013A20040B09A44,1.7,2016-12-10T19:14:39.963Z
0013A20040B09A44,1.67,2016-12-10T19:14:50.096Z
0013A20040B09A44,1.68,2016-12-10T19:15:00.624Z
0013A20040B09A44,1.7,2016-12-10T19:15:10.669Z
0013A20040B09A44,1.65,2016-12-10T19:15:20.952Z
0013A20040B09A44,1.64,2016-12-10T19:15:31.239Z
0013A20040B09A44,1.68,2016-12-10T19:15:41.517Z
0013A20040B09A44,1.69,2016-12-10T19:15:51.866Z
0013A20040B09A44,1.64,2016-12-10T19:16:12.378Z
0013A20040B09A44,1.71,2016-12-10T19:16:22.658Z
0013A20040B09A44,1.69,2016-12-10T19:16:32.941Z
0013A20040B09A44,1.65,2016-12-10T19:16:43.225Z
0013A20040B09A44,1.66,2016-12-10T19:16:53.506Z
0013A20040B09A44,1.7,2016-12-10T19:17:03.794Z
0013A20040B09A44,1.68,2016-12-10T19:17:14.074Z
0013A20040B09A44,1.66,2016-12-10T19:17:24.357Z
0013A20040B09A44,1.71,2016-12-10T19:17:34.638Z
0013A20040B09A44,1.71,2016-12-10T19:17:44.927Z
0013A20040B09A44,1.69,2016-12-10T19:17:55.207Z
0013A20040B09A44,1.65,2016-12-10T19:18:05.488Z
0013A20040B09A44,1.69,2016-12-10T19:18:15.775Z
0013A20040B09A44,1.69,2016-12-10T19:18:26.114Z
0013A20040B09A44,1.68,2016-12-10T19:18:34.890Z
0013A20040B09A44,1.69,2016-12-10T19:18:48.194Z
0013A20040B09A44,1.69,2016-12-10T19:19:07.197Z
0013A20040B09A44,1.65,2016-12-10T19:19:17.517Z
0013A20040B09A44,1.7,2016-12-10T19:19:27.767Z
0013A20040B09A44,1.69,2016-12-10T19:19:38.048Z
0013A20040B09A44,1.65,2016-12-10T19:19:48.385Z
0013A20040B09A44,1.71,2016-12-10T19:19:58.625Z
0013A20040B09A44,1.67,2016-12-10T19:20:08.906Z
0013A20040B09A44,1.66,2016-12-10T19:20:19.187Z
0013A20040B09A44,1.65,2016-12-10T19:20:29.471Z
0013A20040B09A44,1.69,2016-12-10T19:20:39.865Z
0013A20040B09A44,1.7,2016-12-10T19:20:50.046Z
0013A20040B09A44,1.74,2016-12-10T19:21:00.324Z
0013A20040B09A44,1.66,2016-12-10T19:21:10.607Z
0013A20040B09A44,1.66,2016-12-10T19:21:19.430Z
0013A20040B09A44,1.69,2016-12-10T19:21:29.606Z
0013A20040B09A44,1.72,2016-12-10T19:21:39.893Z
0013A20040B09A44,1.65,2016-12-10T19:21:50.190Z
0013A20040B09A44,1.66,2016-12-10T19:22:00.461Z
0013A20040B09A44,1.7,2016-12-10T19:22:10.744Z
0013A20040B09A44,1.73,2016-12-10T19:22:21.029Z
0013A20040B09A44,1.67,2016-12-10T19:22:31.312Z
0013A20040B09A44,1.64,2016-12-10T19:22:43.166Z
0013A20040B09A44,1.73,2016-12-10T19:22:52.721Z
0013A20040B09A44,1.69,2016-12-10T19:23:02.171Z
0013A20040B09A44,1.69,2016-12-10T19:23:12.451Z
0013A20040B09A44,1.65,2016-12-10T19:23:22.736Z
0013A20040B09A44,1.72,2016-12-10T19:23:33.019Z
0013A20040B09A44,1.65,2016-12-10T19:23:43.302Z
0013A20040B09A44,1.71,2016-12-10T19:24:15.869Z
0013A20040B09A44,1.67,2016-12-10T19:24:26.069Z
0013A20040B09A44,1.7,2016-12-10T19:24:36.300Z
0013A20040B09A44,1.7,2016-12-10T19:24:56.864Z
0013A20040B09A44,1.7,2016-12-10T19:25:07.148Z
0013A20040B09A44,1.68,2016-12-10T19:25:17.431Z
0013A20040B09A44,1.7,2016-12-10T19:25:27.716Z
0013A20040B09A44,1.75,2016-12-10T19:25:37.998Z
0013A20040B09A44,1.7,2016-12-10T19:25:48.280Z
0013A20040B09A44,1.68,2016-12-10T19:25:57.518Z
0013A20040B09A44,1.71,2016-12-10T19:26:07.280Z
0013A20040B09A44,1.71,2016-12-10T19:26:17.566Z
0013A20040B09A44,1.7,2016-12-10T19:26:27.847Z
0013A20040B09A44,1.66,2016-12-10T19:26:39.700Z
0013A20040B09A44,1.68,2016-12-10T19:26:49.982Z
0013A20040B09A44,1.65,2016-12-10T19:27:00.268Z
0013A20040B09A44,1.73,2016-12-10T19:27:10.556Z
0013A20040B09A44,1.74,2016-12-10T19:27:20.832Z
0013A20040B09A44,1.64,2016-12-10T19:27:31.116Z
0013A20040B09A44,1.64,2016-12-10T19:27:32.696Z
0013A20040B09A44,1.66,2016-12-10T19:27:41.403Z
0013A20040B09A44,1.7,2016-12-10T19:27:51.685Z
0013A20040B09A44,1.68,2016-12-10T19:28:01.969Z
0013A20040B09A44,1.68,2016-12-10T19:28:12.255Z
0013A20040B09A44,1.65,2016-12-10T19:28:21.094Z
0013A20040B09A44,1.71,2016-12-10T19:28:31.261Z
0013A20040B09A44,1.68,2016-12-10T19:28:41.542Z
0013A20040B09A44,1.66,2016-12-10T19:28:51.826Z
0013A20040B09A44,1.68,2016-12-10T19:29:02.113Z
0013A20040B09A44,1.7,2016-12-10T19:29:12.509Z
0013A20040B09A44,1.67,2016-12-10T19:29:22.677Z
0013A20040B09A44,1.69,2016-12-10T19:29:34.528Z
0013A20040B09A44,1.68,2016-12-10T19:29:43.341Z
0013A20040B09A44,1.69,2016-12-10T19:29:53.540Z
0013A20040B09A44,1.68,2016-12-10T19:30:03.812Z
0013A20040B09A44,1.69,2016-12-10T19:30:14.102Z
0013A20040B09A44,1.66,2016-12-10T19:30:24.499Z
0013A20040B09A44,1.68,2016-12-10T19:30:34.667Z
0013A20040B09A44,1.66,2016-12-10T19:30:44.953Z
0013A20040B09A44,1.69,2016-12-10T19:30:55.240Z
0013A20040B09A44,1.64,2016-12-10T19:31:05.519Z
0013A20040B09A44,1.69,2016-12-10T19:31:15.803Z
0013A20040B09A44,1.64,2016-12-10T19:31:26.088Z
0013A20040B09A44,1.65,2016-12-10T19:31:36.373Z
0013A20040B09A44,0.11,2016-12-10T19:31:46.665Z
0013A20040B09A44,0.06,2016-12-10T19:31:56.964Z
0013A20040B09A44,0.05,2016-12-10T19:32:07.265Z
0013A20040B09A44,0.06,2016-12-10T19:32:17.564Z
0013A20040B09A44,0.06,2016-12-10T19:32:27.863Z
0013A20040B09A44,0.05,2016-12-10T19:32:38.164Z
0013A20040B09A44,0.05,2016-12-10T19:32:48.467Z
0013A20040B09A44,0.06,2016-12-10T19:32:58.767Z
0013A20040B09A44,0.06,2016-12-10T19:33:09.064Z
0013A20040B09A44,0.05,2016-12-10T19:33:19.366Z
0013A20040B09A44,0.05,2016-12-10T19:33:29.666Z
0013A20040B09A44,0.06,2016-12-10T19:33:39.966Z
0013A20040B09A44,0.06,2016-12-10T19:33:50.269Z
0013A20040B09A44,0.05,2016-12-10T19:34:00.567Z
0013A20040B09A44,0.05,2016-12-10T19:34:10.869Z
0013A20040B09A44,0.06,2016-12-10T19:34:21.169Z
0013A20040B09A44,0.06,2016-12-10T19:34:33.141Z
0013A20040B09A44,0.06,2016-12-10T19:34:43.353Z
0013A20040B09A44,0.06,2016-12-10T19:34:55.203Z
0013A20040B09A44,0.05,2016-12-10T19:35:03.939Z
0013A20040B09A44,0.06,2016-12-10T19:35:15.809Z
0013A20040B09A44,0.06,2016-12-10T19:35:23.081Z
0013A20040B09A44,0.05,2016-12-10T19:35:33.271Z
0013A20040B09A44,6.37,2016-12-10T19:35:43.558Z
0013A20040B09A44,1.65,2016-12-10T19:35:53.838Z
0013A20040B09A44,1.64,2016-12-10T19:36:04.122Z
0013A20040B09A44,1.65,2016-12-10T19:36:14.405Z
0013A20040B09A44,1.66,2016-12-10T19:36:24.691Z
0013A20040B09A44,1.65,2016-12-10T19:36:36.541Z
0013A20040B09A44,1.66,2016-12-10T19:36:45.256Z
0013A20040B09A44,1.66,2016-12-10T19:36:55.606Z
0013A20040B09A44,1.67,2016-12-10T19:37:05.827Z
0013A20040B09A44,1.66,2016-12-10T19:37:16.112Z
0013A20040B09A44,1.65,2016-12-10T19:37:26.396Z
0013A20040B09A44,1.65,2016-12-10T19:37:36.706Z
0013A20040B09A44,1.64,2016-12-10T19:37:46.963Z
0013A20040B09A44,1.64,2016-12-10T19:37:57.248Z
0013A20040B09A44,1.65,2016-12-10T19:38:07.538Z
0013A20040B09A44,1.66,2016-12-10T19:38:17.819Z
0013A20040B09A44,1.65,2016-12-10T19:38:28.102Z
0013A20040B09A44,1.66,2016-12-10T19:38:38.386Z
0013A20040B09A44,1.66,2016-12-10T19:38:48.669Z
0013A20040B09A44,1.65,2016-12-10T19:38:58.949Z
0013A20040B09A44,1.65,2016-12-10T19:39:09.235Z
0013A20040B09A44,1.66,2016-12-10T19:39:19.517Z
0013A20040B09A44,1.65,2016-12-10T19:39:29.804Z
0013A20040B09A44,1.65,2016-12-10T19:39:40.084Z
0013A20040B09A44,1.65,2016-12-10T19:39:50.368Z
0013A20040B09A44,1.65,2016-12-10T19:40:00.652Z
0013A20040B09A44,1.65,2016-12-10T19:40:10.935Z
0013A20040B09A44,1.64,2016-12-10T19:40:21.218Z
0013A20040B09A44,1.66,2016-12-10T19:40:31.500Z
0013A20040B09A44,1.66,2016-12-10T19:40:41.789Z
0013A20040B09A44,1.67,2016-12-10T19:40:52.070Z
0013A20040B09A44,1.67,2016-12-10T19:41:02.355Z
0013A20040B09A44,1.65,2016-12-10T19:41:12.642Z
0013A20040B09A44,1.65,2016-12-10T19:41:22.925Z
0013A20040B09A44,1.67,2016-12-10T19:41:33.208Z
0013A20040B09A44,1.68,2016-12-10T19:41:43.493Z
0013A20040B09A44,1.67,2016-12-10T19:41:53.781Z
0013A20040B09A44,1.64,2016-12-10T19:42:04.064Z
0013A20040B09A44,1.65,2016-12-10T19:42:14.348Z
0013A20040B09A44,1.66,2016-12-10T19:42:24.630Z
0013A20040B09A44,1.67,2016-12-10T19:42:34.915Z
0013A20040B09A44,1.67,2016-12-10T19:42:45.200Z
0013A20040B09A44,1.66,2016-12-10T19:42:55.483Z
0013A20040B09A44,1.65,2016-12-10T19:43:05.768Z
0013A20040B09A44,1.67,2016-12-10T19:43:16.050Z
0013A20040B09A44,1.65,2016-12-10T19:43:26.335Z
0013A20040B09A44,1.64,2016-12-10T19:43:36.618Z
0013A20040B09A44,1.66,2016-12-10T19:43:46.909Z
0013A20040B09A44,1.66,2016-12-10T19:43:57.189Z
0013A20040B09A44,1.66,2016-12-10T19:44:07.473Z
0013A20040B09A44,1.66,2016-12-10T19:44:17.761Z
0013A20040B09A44,1.65,2016-12-10T19:44:28.041Z
0013A20040B09A44,1.65,2016-12-10T19:44:38.494Z
0013A20040B09A44,1.66,2016-12-10T19:44:50.408Z
0013A20040B09A44,1.66,2016-12-10T19:44:51.841Z
0013A20040B09A44,1.63,2016-12-10T19:44:58.896Z
0013A20040B09A44,1.66,2016-12-10T19:45:09.178Z
0013A20040B09A44,1.67,2016-12-10T19:45:19.463Z
0013A20040B09A44,1.65,2016-12-10T19:45:29.750Z
0013A20040B09A44,1.66,2016-12-10T19:45:40.037Z
0013A20040B09A44,1.65,2016-12-10T19:45:50.321Z
0013A20040B09A44,1.66,2016-12-10T19:46:00.605Z
0013A20040B09A44,1.66,2016-12-10T19:46:10.889Z
0013A20040B09A44,1.65,2016-12-10T19:46:21.170Z
0013A20040B09A44,1.66,2016-12-10T19:46:31.453Z
0013A20040B09A44,1.67,2016-12-10T19:46:41.741Z
0013A20040B09A44,1.65,2016-12-10T19:46:52.022Z
0013A20040B09A44,1.66,2016-12-10T19:47:02.309Z
0013A20040B09A44,1.65,2016-12-10T19:47:12.597Z
0013A20040B09A44,1.64,2016-12-10T19:47:24.445Z
0013A20040B09A44,1.66,2016-12-10T19:47:45.013Z
0013A20040B09A44,1.66,2016-12-10T19:47:54.247Z
0013A20040B09A44,1.66,2016-12-10T19:48:04.151Z
0013A20040B09A44,1.65,2016-12-10T19:48:14.290Z
0013A20040B09A44,1.65,2016-12-10T19:48:26.149Z
0013A20040B09A44,1.65,2016-12-10T19:48:34.969Z
0013A20040B09A44,1.66,2016-12-10T19:48:45.141Z
0013A20040B09A44,1.67,2016-12-10T19:48:56.993Z
0013A20040B09A44,1.67,2016-12-10T19:49:07.279Z
0013A20040B09A44,1.65,2016-12-10T19:49:17.566Z
0013A20040B09A44,1.66,2016-12-10T19:49:27.854Z
0013A20040B09A44,1.67,2016-12-10T19:49:38.132Z
0013A20040B09A44,1.66,2016-12-10T19:49:48.417Z
0013A20040B09A44,1.67,2016-12-10T19:49:58.708Z
0013A20040B09A44,1.66,2016-12-10T19:50:10.565Z
0013A20040B09A44,1.66,2016-12-10T19:50:19.269Z
0013A20040B09A44,1.65,2016-12-10T19:50:29.556Z
0013A20040B09A44,1.66,2016-12-10T19:50:39.834Z
0013A20040B09A44,1.65,2016-12-10T19:50:50.123Z
0013A20040B09A44,1.66,2016-12-10T19:51:00.404Z
0013A20040B09A44,1.65,2016-12-10T19:51:10.690Z
0013A20040B09A44,1.64,2016-12-10T19:51:20.975Z
0013A20040B09A44,1.65,2016-12-10T19:51:31.261Z
0013A20040B09A44,1.67,2016-12-10T19:51:41.541Z
0013A20040B09A44,1.67,2016-12-10T19:51:51.826Z
0013A20040B09A44,1.66,2016-12-10T19:52:02.109Z
0013A20040B09A44,1.66,2016-12-10T19:52:12.392Z
0013A20040B09A44,1.65,2016-12-10T19:52:22.679Z
0013A20040B09A44,1.64,2016-12-10T19:52:32.979Z
0013A20040B09A44,1.66,2016-12-10T19:52:43.344Z
0013A20040B09A44,1.66,2016-12-10T19:52:53.531Z
0013A20040B09A44,1.66,2016-12-10T19:53:03.815Z
0013A20040B09A44,1.65,2016-12-10T19:53:12.639Z
0013A20040B09A44,1.65,2016-12-10T19:53:22.818Z
0013A20040B09A44,1.66,2016-12-10T19:53:33.285Z
0013A20040B09A44,1.65,2016-12-10T19:53:43.385Z
0013A20040B09A44,1.66,2016-12-10T19:53:53.669Z
0013A20040B09A44,1.66,2016-12-10T19:54:03.954Z
0013A20040B09A44,1.66,2016-12-10T19:54:14.236Z
0013A20040B09A44,1.66,2016-12-10T19:54:24.520Z
0013A20040B09A44,1.66,2016-12-10T19:54:34.809Z
0013A20040B09A44,1.65,2016-12-10T19:54:45.088Z
0013A20040B09A44,1.65,2016-12-10T19:54:55.377Z
0013A20040B09A44,1.66,2016-12-10T19:55:05.659Z
0013A20040B09A44,1.66,2016-12-10T19:55:15.941Z
0013A20040B09A44,0.12,2016-12-10T19:55:26.237Z
0013A20040B09A44,0.05,2016-12-10T19:55:36.531Z
0013A20040B09A44,1.66,2016-12-10T19:55:46.837Z
0013A20040B09A44,1.65,2016-12-10T19:55:57.100Z
0013A20040B09A44,0.08,2016-12-10T19:56:07.394Z
0013A20040B09A44,0.05,2016-12-10T19:56:17.696Z
0013A20040B09A44,0.05,2016-12-10T19:56:28.001Z
0013A20040B09A44,0.05,2016-12-10T19:56:38.297Z
0013A20040B09A44,0.05,2016-12-10T19:56:48.593Z
0013A20040B09A44,0.05,2016-12-10T19:56:58.897Z
0013A20040B09A44,0.05,2016-12-10T19:57:09.196Z
0013A20040B09A44,0.05,2016-12-10T19:57:19.496Z
0013A20040B09A44,0.05,2016-12-10T19:57:29.797Z
0013A20040B09A44,0.04,2016-12-10T19:57:40.097Z
0013A20040B09A44,0.05,2016-12-10T19:57:50.399Z
0013A20040B09A44,0.05,2016-12-10T19:58:00.703Z
0013A20040B09A44,0.05,2016-12-10T19:58:10.999Z
0013A20040B09A44,0.05,2016-12-10T19:58:21.298Z
0013A20040B09A44,0.05,2016-12-10T19:58:31.598Z
0013A20040B09A44,0.05,2016-12-10T19:58:41.898Z
0013A20040B09A44,0.05,2016-12-10T19:58:52.201Z
0013A20040B09A44,0.05,2016-12-10T19:59:02.499Z
0013A20040B09A44,0.05,2016-12-10T19:59:12.800Z
0013A20040B09A44,0.05,2016-12-10T19:59:23.097Z
0013A20040B09A44,0.05,2016-12-10T19:59:33.397Z
0013A20040B09A44,0.05,2016-12-10T19:59:43.700Z
0013A20040B09A44,0.04,2016-12-10T19:59:53.999Z
0013A20040B09A44,0.05,2016-12-10T20:00:04.300Z
0013A20040B09A44,0.05,2016-12-10T20:00:14.599Z
0013A20040B09A44,0.05,2016-12-10T20:00:24.903Z
0013A20040B09A44,0.04,2016-12-10T20:00:35.202Z
0013A20040B09A44,0.05,2016-12-10T20:00:45.499Z
0013A20040B09A44,0.05,2016-12-10T20:00:57.370Z
0013A20040B09A44,0.05,2016-12-10T20:01:06.103Z
0013A20040B09A44,0.05,2016-12-10T20:01:16.402Z
0013A20040B09A44,0.05,2016-12-10T20:01:26.705Z
0013A20040B09A44,0.04,2016-12-10T20:01:37.003Z
0013A20040B09A44,0.05,2016-12-10T20:01:47.305Z
0013A20040B09A44,0.05,2016-12-10T20:01:57.601Z
0013A20040B09A44,0.05,2016-12-10T20:02:07.901Z
0013A20040B09A44,0.05,2016-12-10T20:02:18.203Z
0013A20040B09A44,0.05,2016-12-10T20:02:28.505Z
0013A20040B09A44,0.04,2016-12-10T20:02:38.804Z
0013A20040B09A44,0.04,2016-12-10T20:02:49.106Z
0013A20040B09A44,0.04,2016-12-10T20:02:59.412Z
0013A20040B09A44,0.04,2016-12-10T20:03:09.703Z
0013A20040B09A44,0.05,2016-12-10T20:03:20.004Z
0013A20040B09A44,0.05,2016-12-10T20:03:30.306Z
0013A20040B09A44,1.65,2016-12-10T20:03:40.591Z
0013A20040B09A44,1.66,2016-12-10T20:03:50.874Z
0013A20040B09A44,1.66,2016-12-10T20:04:01.162Z
0013A20040B09A44,1.65,2016-12-10T20:04:11.446Z
0013A20040B09A44,1.65,2016-12-10T20:04:21.729Z
0013A20040B09A44,1.65,2016-12-10T20:04:32.011Z
0013A20040B09A44,1.64,2016-12-10T20:04:42.305Z
0013A20040B09A44,0.09,2016-12-10T20:04:52.589Z
0013A20040B09A44,0.05,2016-12-10T20:05:02.888Z
0013A20040B09A44,0.04,2016-12-10T20:05:13.187Z
0013A20040B09A44,0.05,2016-12-10T20:05:23.493Z
0013A20040B09A44,0.05,2016-12-10T20:05:33.785Z
0013A20040B09A44,0.05,2016-12-10T20:05:44.089Z
0013A20040B09A44,0.05,2016-12-10T20:05:54.386Z
0013A20040B09A44,0.05,2016-12-10T20:06:04.689Z
0013A20040B09A44,11.03,2016-12-10T20:06:14.970Z
0013A20040B09A44,1.65,2016-12-10T20:06:25.257Z
0013A20040B09A44,1.65,2016-12-10T20:06:35.542Z
0013A20040B09A44,1.78,2016-12-10T20:06:45.825Z
0013A20040B09A44,1.65,2016-12-10T20:06:56.109Z
0013A20040B09A44,1.75,2016-12-10T20:07:06.392Z
0013A20040B09A44,1.66,2016-12-10T20:07:18.244Z
0013A20040B09A44,1.65,2016-12-10T20:07:26.971Z
0013A20040B09A44,1.65,2016-12-10T20:07:37.248Z
0013A20040B09A44,1.66,2016-12-10T20:07:47.529Z
0013A20040B09A44,1.64,2016-12-10T20:07:58.747Z
0013A20040B09A44,0.09,2016-12-10T20:08:08.183Z
0013A20040B09A44,0.09,2016-12-10T20:08:09.676Z
0013A20040B09A44,0.09,2016-12-10T20:08:11.293Z
0013A20040B09A44,0.05,2016-12-10T20:08:21.539Z
0013A20040B09A44,0.05,2016-12-10T20:08:50.877Z
0013A20040B09A44,0.04,2016-12-10T20:08:59.726Z
0013A20040B09A44,0.05,2016-12-10T20:09:09.915Z
0013A20040B09A44,0.04,2016-12-10T20:09:21.781Z
0013A20040B09A44,0.05,2016-12-10T20:09:30.613Z
0013A20040B09A44,0.05,2016-12-10T20:09:40.805Z
0013A20040B09A44,0.05,2016-12-10T20:09:51.109Z
0013A20040B09A44,1.77,2016-12-10T20:10:01.389Z
0013A20040B09A44,1.66,2016-12-10T20:10:11.677Z
0013A20040B09A44,1.65,2016-12-10T20:10:21.961Z
0013A20040B09A44,1.65,2016-12-10T20:10:32.249Z
0013A20040B09A44,1.77,2016-12-10T20:10:42.527Z
0013A20040B09A44,1.64,2016-12-10T20:10:52.813Z
0013A20040B09A44,1.65,2016-12-10T20:11:03.106Z
0013A20040B09A44,1.66,2016-12-10T20:11:13.383Z
0013A20040B09A44,0.07,2016-12-10T20:11:23.677Z
0013A20040B09A44,0.05,2016-12-10T20:11:33.981Z
0013A20040B09A44,0.04,2016-12-10T20:11:44.273Z
0013A20040B09A44,0.05,2016-12-10T20:11:54.575Z
0013A20040B09A44,0.05,2016-12-10T20:12:04.877Z
0013A20040B09A44,0.05,2016-12-10T20:12:15.177Z
0013A20040B09A44,0.05,2016-12-10T20:12:25.477Z
0013A20040B09A44,0.05,2016-12-10T20:12:35.777Z
0013A20040B09A44,0.04,2016-12-10T20:12:46.077Z
0013A20040B09A44,0.05,2016-12-10T20:12:56.385Z
0013A20040B09A44,0.05,2016-12-10T20:13:06.682Z
0013A20040B09A44,0.04,2016-12-10T20:13:16.981Z
0013A20040B09A44,0.05,2016-12-10T20:13:27.419Z
0013A20040B09A44,0.05,2016-12-10T20:13:37.579Z
0013A20040B09A44,0.04,2016-12-10T20:13:47.881Z
0013A20040B09A44,0.05,2016-12-10T20:13:58.181Z
0013A20040B09A44,0.05,2016-12-10T20:14:08.485Z
0013A20040B09A44,0.05,2016-12-10T20:14:18.782Z
0013A20040B09A44,0.05,2016-12-10T20:14:29.081Z
0013A20040B09A44,0.05,2016-12-10T20:14:39.381Z
0013A20040B09A44,0.04,2016-12-10T20:14:49.681Z
0013A20040B09A44,0.04,2016-12-10T20:14:59.993Z
0013A20040B09A44,0.05,2016-12-10T20:15:10.283Z
0013A20040B09A44,0.05,2016-12-10T20:15:20.585Z
0013A20040B09A44,0.04,2016-12-10T20:15:30.885Z
0013A20040B09A44,0.05,2016-12-10T20:15:41.182Z
0013A20040B09A44,0.05,2016-12-10T20:15:51.485Z
0013A20040B09A44,0.05,2016-12-10T20:16:01.784Z
0013A20040B09A44,0.05,2016-12-10T20:16:12.084Z
0013A20040B09A44,0.04,2016-12-10T20:16:22.385Z
0013A20040B09A44,1.66,2016-12-10T20:16:32.668Z
0013A20040B09A44,1.81,2016-12-10T20:16:42.949Z
0013A20040B09A44,1.89,2016-12-10T20:16:53.237Z
0013A20040B09A44,1.63,2016-12-10T20:17:03.521Z
0013A20040B09A44,1.64,2016-12-10T20:17:13.809Z
0013A20040B09A44,0.07,2016-12-10T20:17:24.100Z
0013A20040B09A44,0.05,2016-12-10T20:17:34.396Z
0013A20040B09A44,0.05,2016-12-10T20:17:44.701Z
0013A20040B09A44,0.04,2016-12-10T20:17:54.997Z
0013A20040B09A44,0.04,2016-12-10T20:18:05.296Z
0013A20040B09A44,0.04,2016-12-10T20:18:15.600Z
0013A20040B09A44,0.04,2016-12-10T20:18:25.897Z
0013A20040B09A44,0.05,2016-12-10T20:18:36.196Z
0013A20040B09A44,0.04,2016-12-10T20:18:46.498Z
0013A20040B09A44,0.05,2016-12-10T20:18:56.801Z
0013A20040B09A44,0.04,2016-12-10T20:19:07.245Z
0013A20040B09A44,0.05,2016-12-10T20:19:17.477Z
0013A20040B09A44,0.04,2016-12-10T20:19:27.699Z
0013A20040B09A44,0.04,2016-12-10T20:19:38.001Z
0013A20040B09A44,0.05,2016-12-10T20:19:48.392Z
0013A20040B09A44,0.05,2016-12-10T20:19:58.600Z
0013A20040B09A44,0.04,2016-12-10T20:20:20.811Z
0013A20040B09A44,0.04,2016-12-10T20:20:31.195Z
0013A20040B09A44,0.04,2016-12-10T20:20:41.370Z
0013A20040B09A44,0.05,2016-12-10T20:20:51.670Z
0013A20040B09A44,0.05,2016-12-10T20:21:02.015Z
0013A20040B09A44,0.04,2016-12-10T20:21:11.238Z
0013A20040B09A44,0.05,2016-12-10T20:21:22.813Z
0013A20040B09A44,0.04,2016-12-10T20:21:31.361Z
0013A20040B09A44,0.04,2016-12-10T20:21:43.257Z
0013A20040B09A44,0.03,2016-12-10T20:21:53.468Z
0013A20040B09A44,0.04,2016-12-10T20:22:03.784Z
0013A20040B09A44,0.04,2016-12-10T20:22:14.072Z
0013A20040B09A44,0.04,2016-12-10T20:22:26.000Z
0013A20040B09A44,0.04,2016-12-10T20:22:34.811Z
0013A20040B09A44,0.04,2016-12-10T20:22:45.031Z
0013A20040B09A44,0.04,2016-12-10T20:22:55.279Z
0013A20040B09A44,0.04,2016-12-10T20:23:07.180Z
0013A20040B09A44,0.05,2016-12-10T20:23:15.922Z
0013A20040B09A44,0.04,2016-12-10T20:23:26.381Z
0013A20040B09A44,0.04,2016-12-10T20:23:48.532Z
0013A20040B09A44,0.04,2016-12-10T20:23:57.073Z
0013A20040B09A44,0.04,2016-12-10T20:24:40.035Z
0013A20040B09A44,0.04,2016-12-10T20:24:48.572Z
0013A20040B09A44,0.04,2016-12-10T20:24:58.879Z
0013A20040B09A44,0.04,2016-12-10T20:25:09.187Z
0013A20040B09A44,0.05,2016-12-10T20:25:19.475Z
0013A20040B09A44,0.04,2016-12-10T20:25:29.775Z
0013A20040B09A44,0.04,2016-12-10T20:26:00.678Z
0013A20040B09A44,0.04,2016-12-10T20:26:10.975Z
0013A20040B09A44,0.04,2016-12-10T20:26:21.275Z
0013A20040B09A44,0.04,2016-12-10T20:26:31.572Z
0013A20040B09A44,0.05,2016-12-10T20:26:41.884Z
0013A20040B09A44,0.05,2016-12-10T20:26:52.327Z
0013A20040B09A44,0.05,2016-12-10T20:27:02.476Z
0013A20040B09A44,0.04,2016-12-10T20:27:12.776Z
0013A20040B09A44,0.04,2016-12-10T20:27:23.080Z
0013A20040B09A44,0.04,2016-12-10T20:27:33.380Z
0013A20040B09A44,0.04,2016-12-10T20:27:43.684Z
0013A20040B09A44,0.05,2016-12-10T20:27:54.067Z
0013A20040B09A44,0.04,2016-12-10T20:28:04.290Z
0013A20040B09A44,0.04,2016-12-10T20:28:14.579Z
0013A20040B09A44,0.04,2016-12-10T20:28:35.185Z
0013A20040B09A44,0.04,2016-12-10T20:28:55.789Z
0013A20040B09A44,0.04,2016-12-10T20:29:06.082Z
0013A20040B09A44,0.05,2016-12-10T20:29:16.385Z
0013A20040B09A44,0.04,2016-12-10T20:29:26.690Z
0013A20040B09A44,0.04,2016-12-10T20:29:37.122Z
0013A20040B09A44,0.04,2016-12-10T20:29:47.284Z
0013A20040B09A44,0.05,2016-12-10T20:29:57.585Z
0013A20040B09A44,0.04,2016-12-10T20:30:07.883Z
0013A20040B09A44,0.04,2016-12-10T20:30:18.185Z
0013A20040B09A44,0.05,2016-12-10T20:30:30.051Z
0013A20040B09A44,0.05,2016-12-10T20:30:38.858Z
0013A20040B09A44,0.05,2016-12-10T20:30:49.089Z
0013A20040B09A44,0.04,2016-12-10T20:31:09.854Z
0013A20040B09A44,0.04,2016-12-10T20:31:20.024Z
0013A20040B09A44,0.04,2016-12-10T20:32:23.367Z
0013A20040B09A44,0.04,2016-12-10T20:32:42.391Z
0013A20040B09A44,0.04,2016-12-10T20:33:03.107Z
0013A20040B09A44,0.05,2016-12-10T20:33:14.857Z
0013A20040B09A44,0.04,2016-12-10T20:33:23.746Z
0013A20040B09A44,0.04,2016-12-10T20:33:35.458Z
0013A20040B09A44,0.04,2016-12-10T20:33:44.245Z
0013A20040B09A44,0.05,2016-12-10T20:33:54.489Z
0013A20040B09A44,0.04,2016-12-10T20:34:04.969Z
0013A20040B09A44,0.05,2016-12-10T20:34:15.233Z
0013A20040B09A44,0.05,2016-12-10T20:34:45.993Z
0013A20040B09A44,0.04,2016-12-10T20:34:56.292Z
0013A20040B09A44,0.05,2016-12-10T20:35:06.592Z
0013A20040B09A44,0.05,2016-12-10T20:35:27.191Z
0013A20040B09A44,0.04,2016-12-10T20:35:37.721Z
0013A20040B09A44,0.04,2016-12-10T20:35:47.794Z
0013A20040B09A44,0.04,2016-12-10T20:35:58.135Z
0013A20040B09A44,0.04,2016-12-10T20:36:08.570Z
0013A20040B09A44,0.05,2016-12-10T20:36:18.699Z
0013A20040B09A44,0.04,2016-12-10T20:36:28.993Z
0013A20040B09A44,0.04,2016-12-10T20:36:40.864Z
0013A20040B09A44,0.04,2016-12-10T20:36:51.324Z
0013A20040B09A44,0.04,2016-12-10T20:36:59.898Z
0013A20040B09A44,0.05,2016-12-10T20:37:10.197Z
0013A20040B09A44,0.03,2016-12-10T20:37:20.497Z
0013A20040B09A44,0.04,2016-12-10T20:37:30.797Z
0013A20040B09A44,0.04,2016-12-10T20:37:42.671Z
0013A20040B09A44,0.04,2016-12-10T20:37:51.396Z
0013A20040B09A44,0.04,2016-12-10T20:38:01.703Z
0013A20040B09A44,0.04,2016-12-10T20:38:12.005Z
0013A20040B09A44,0.04,2016-12-10T20:38:22.304Z
0013A20040B09A44,0.04,2016-12-10T20:38:32.602Z
0013A20040B09A44,0.03,2016-12-10T20:38:42.902Z
0013A20040B09A44,0.05,2016-12-10T20:38:53.246Z
0013A20040B09A44,0.04,2016-12-10T20:39:03.503Z
0013A20040B09A44,0.04,2016-12-10T20:39:13.797Z
0013A20040B09A44,0.04,2016-12-10T20:39:25.665Z
0013A20040B09A44,0.04,2016-12-10T20:39:34.401Z
0013A20040B09A44,0.04,2016-12-10T20:39:55.008Z
0013A20040B09A44,0.04,2016-12-10T20:40:05.303Z
0013A20040B09A44,0.04,2016-12-10T20:40:14.579Z
0013A20040B09A44,0.04,2016-12-10T20:40:25.899Z
0013A20040B09A44,0.04,2016-12-10T20:40:46.579Z
0013A20040B09A44,0.04,2016-12-10T20:40:56.806Z
0013A20040B09A44,0.04,2016-12-10T20:41:07.141Z
0013A20040B09A44,0.04,2016-12-10T20:41:17.402Z
0013A20040B09A44,0.04,2016-12-10T20:41:27.705Z
0013A20040B09A44,0.04,2016-12-10T20:41:38.001Z
0013A20040B09A44,0.04,2016-12-10T20:41:48.539Z
0013A20040B09A44,0.04,2016-12-10T20:41:58.608Z
0013A20040B09A44,0.04,2016-12-10T20:42:08.912Z
0013A20040B09A44,0.04,2016-12-10T20:42:19.204Z
0013A20040B09A44,0.04,2016-12-10T20:42:31.070Z
0013A20040B09A44,0.04,2016-12-10T20:42:39.807Z
0013A20040B09A44,0.04,2016-12-10T20:43:00.408Z
0013A20040B09A44,0.05,2016-12-10T20:43:32.874Z
0013A20040B09A44,0.04,2016-12-10T20:43:41.618Z
0013A20040B09A44,0.03,2016-12-10T20:44:03.781Z
0013A20040B09A44,0.04,2016-12-10T20:44:12.506Z
0013A20040B09A44,0.03,2016-12-10T20:44:22.808Z
0013A20040B09A44,0.04,2016-12-10T20:44:33.109Z
0013A20040B09A44,0.04,2016-12-10T20:44:43.408Z
0013A20040B09A44,0.04,2016-12-10T20:44:55.287Z
0013A20040B09A44,0.03,2016-12-10T20:45:04.013Z
0013A20040B09A44,0.04,2016-12-10T20:45:14.309Z
0013A20040B09A44,0.04,2016-12-10T20:45:24.607Z
0013A20040B09A44,0.05,2016-12-10T20:45:34.995Z
0013A20040B09A44,0.04,2016-12-10T20:45:57.086Z
0013A20040B09A44,0.04,2016-12-10T20:46:04.606Z
0013A20040B09A44,0.05,2016-12-10T20:46:16.309Z
0013A20040B09A44,0.04,2016-12-10T20:46:24.845Z
0013A20040B09A44,0.04,2016-12-10T20:46:36.853Z
0013A20040B09A44,0.04,2016-12-10T20:46:48.581Z
0013A20040B09A44,0.04,2016-12-10T20:48:21.281Z
0013A20040B09A44,0.04,2016-12-10T20:48:30.182Z
0013A20040B09A44,0.04,2016-12-10T20:48:50.721Z
0013A20040B09A44,0.04,2016-12-10T20:49:02.570Z
0013A20040B09A44,0.04,2016-12-10T20:49:42.116Z
0013A20040B09A44,0.04,2016-12-10T20:50:54.227Z
0013A20040B09A44,0.04,2016-12-10T20:51:04.521Z
0013A20040B09A44,0.04,2016-12-10T20:51:14.816Z
0013A20040B09A44,1.66,2016-12-10T20:51:25.106Z
0013A20040B09A44,1.65,2016-12-10T20:51:36.956Z
0013A20040B09A44,1.65,2016-12-10T20:53:18.406Z
0013A20040B09A44,1.64,2016-12-10T20:53:49.125Z
0013A20040B09A44,1.65,2016-12-10T20:54:19.935Z
0013A20040B09A44,1.65,2016-12-10T20:54:52.356Z
0013A20040B09A44,1.66,2016-12-10T20:55:21.643Z
0013A20040B09A44,0.07,2016-12-10T20:55:32.040Z
0013A20040B09A44,0.05,2016-12-10T20:55:42.249Z
0013A20040B09A44,0.04,2016-12-10T21:25:02.533Z
0013A20040B09A44,0.05,2016-12-10T21:25:02.551Z
0013A20040B09A44,0.05,2016-12-10T21:25:02.572Z
0013A20040B09A44,0.05,2016-12-10T21:25:02.676Z
0013A20040B09A44,0.04,2016-12-10T21:25:02.733Z
0013A20040B09A44,0.05,2016-12-10T21:25:02.792Z
0013A20040B09A44,0.05,2016-12-10T21:25:02.812Z
0013A20040B09A44,0.05,2016-12-10T21:25:02.836Z
0013A20040B09A44,0.04,2016-12-10T21:25:04.419Z
0013A20040B09A44,0.04,2016-12-10T21:25:11.868Z
0013A20040B09A44,0.05,2016-12-10T21:25:23.751Z
0013A20040B09A44,0.05,2016-12-10T21:25:34.039Z
0013A20040B09A44,0.04,2016-12-10T21:25:45.966Z
0013A20040B09A44,0.04,2016-12-10T21:25:54.638Z
0013A20040B09A44,0.05,2016-12-10T21:26:04.935Z
0013A20040B09A44,0.05,2016-12-10T21:26:14.601Z
0013A20040B09A44,0.05,2016-12-10T21:26:37.405Z
0013A20040B09A44,0.04,2016-12-10T21:26:46.205Z
0013A20040B09A44,0.05,2016-12-10T21:26:56.437Z
0013A20040B09A44,0.04,2016-12-10T21:27:28.904Z
0013A20040B09A44,0.05,2016-12-10T21:27:39.215Z
0013A20040B09A44,0.04,2016-12-10T21:27:47.951Z
0013A20040B09A44,0.05,2016-12-10T21:27:58.242Z
0013A20040B09A44,0.04,2016-12-10T21:29:00.097Z
0013A20040B09A44,0.04,2016-12-10T21:29:10.348Z
0013A20040B09A44,0.05,2016-12-10T21:29:42.974Z
0013A20040B09A44,0.05,2016-12-10T21:29:51.544Z
0013A20040B09A44,0.03,2016-12-10T21:30:03.601Z
0013A20040B09A44,0.04,2016-12-10T21:30:12.353Z
0013A20040B09A44,0.04,2016-12-10T21:30:24.010Z
0013A20040B09A44,0.04,2016-12-10T21:30:32.838Z
0013A20040B09A44,1.72,2016-12-10T21:31:13.991Z
0013A20040B09A44,0.04,2016-12-10T21:31:44.822Z
0013A20040B09A44,0.04,2016-12-10T21:31:56.784Z
0013A20040B09A44,0.04,2016-12-10T21:32:15.723Z
0013A20040B09A44,0.04,2016-12-10T21:32:26.031Z
0013A20040B09A44,0.04,2016-12-10T21:32:36.327Z
0013A20040B09A44,0.04,2016-12-10T21:36:12.496Z
0013A20040B09A44,0.04,2016-12-10T21:36:22.801Z
0013A20040B09A44,1.68,2016-12-10T21:36:55.235Z
0013A20040B09A44,1.68,2016-12-10T21:37:04.051Z
0013A20040B09A44,0.1,2016-12-10T21:37:14.244Z
0013A20040B09A44,0.05,2016-12-10T21:37:23.083Z
0013A20040B09A44,0.04,2016-12-10T21:37:35.063Z
0013A20040B09A44,0.04,2016-12-10T21:37:46.707Z
0013A20040B09A44,0.03,2016-12-10T21:37:53.985Z
0013A20040B09A44,0.03,2016-12-10T21:37:55.438Z
0013A20040B09A44,0.04,2016-12-10T21:38:04.178Z
0013A20040B09A44,0.04,2016-12-10T21:38:35.187Z
0013A20040B09A44,0.04,2016-12-10T21:38:45.613Z
0013A20040B09A44,1.69,2016-12-10T21:38:55.701Z
0013A20040B09A44,1.69,2016-12-10T21:39:07.508Z
0013A20040B09A44,1.69,2016-12-10T21:39:16.942Z
0013A20040B09A44,0.06,2016-12-10T21:39:26.524Z
0013A20040B09A44,0.04,2016-12-10T21:39:36.825Z
0013A20040B09A44,0.04,2016-12-10T21:39:47.131Z
0013A20040B09A44,0.04,2016-12-10T21:39:57.423Z
0013A20040B09A44,0.04,2016-12-10T21:40:09.289Z
0013A20040B09A44,0.04,2016-12-10T21:40:18.026Z
0013A20040B09A44,0.04,2016-12-10T21:40:28.378Z
0013A20040B09A44,0.04,2016-12-10T21:40:38.758Z
0013A20040B09A44,0.04,2016-12-10T21:40:48.922Z
0013A20040B09A44,0.04,2016-12-10T21:40:59.232Z
0013A20040B09A44,0.04,2016-12-10T21:41:11.087Z
0013A20040B09A44,0.04,2016-12-10T21:41:19.829Z
0013A20040B09A44,0.04,2016-12-10T21:41:31.688Z
0013A20040B09A44,0.04,2016-12-10T21:41:40.424Z
0013A20040B09A44,1.7,2016-12-10T21:41:50.712Z
0013A20040B09A44,1.63,2016-12-10T21:42:01.941Z
0013A20040B09A44,1.63,2016-12-10T21:42:11.276Z
0013A20040B09A44,1.63,2016-12-10T21:42:21.559Z
0013A20040B09A44,1.63,2016-12-10T21:42:31.851Z
0013A20040B09A44,1.63,2016-12-10T21:42:42.243Z
0013A20040B09A44,1.63,2016-12-10T21:42:52.414Z
0013A20040B09A44,1.64,2016-12-10T21:43:02.706Z
0013A20040B09A44,1.63,2016-12-10T21:43:12.983Z
0013A20040B09A44,1.64,2016-12-10T21:43:23.277Z
0013A20040B09A44,0.55,2016-12-10T21:43:33.557Z
0013A20040B09A44,0.04,2016-12-10T21:43:43.857Z
0013A20040B09A44,0.03,2016-12-10T21:43:54.161Z
0013A20040B09A44,0.04,2016-12-10T21:44:04.453Z
0013A20040B09A44,0.03,2016-12-10T21:44:14.755Z
0013A20040B09A44,0.04,2016-12-10T21:44:28.184Z
0013A20040B09A44,0.04,2016-12-10T21:44:45.764Z
0013A20040B09A44,0.03,2016-12-10T21:44:55.955Z
0013A20040B09A44,1.64,2016-12-10T21:45:06.239Z
0013A20040B09A44,1.64,2016-12-10T21:45:16.520Z
0013A20040B09A44,1.64,2016-12-10T21:45:26.809Z
0013A20040B09A44,1.63,2016-12-10T21:45:37.086Z
0013A20040B09A44,1.64,2016-12-10T21:45:47.370Z
0013A20040B09A44,1.63,2016-12-10T21:45:57.652Z
0013A20040B09A44,1.63,2016-12-10T21:46:07.937Z
0013A20040B09A44,1.64,2016-12-10T21:46:18.222Z
0013A20040B09A44,1.63,2016-12-10T21:46:28.505Z
0013A20040B09A44,0.08,2016-12-10T21:46:38.796Z
0013A20040B09A44,0.04,2016-12-10T21:46:49.096Z
0013A20040B09A44,0.04,2016-12-10T21:46:59.397Z
0013A20040B09A44,0.03,2016-12-10T21:47:09.699Z
0013A20040B09A44,0.04,2016-12-10T21:47:19.997Z
0013A20040B09A44,0.04,2016-12-10T21:47:30.300Z
0013A20040B09A44,0.04,2016-12-10T21:47:40.600Z
0013A20040B09A44,0.04,2016-12-10T21:47:50.898Z
0013A20040B09A44,0.03,2016-12-10T21:48:01.199Z
0013A20040B09A44,0.04,2016-12-10T21:48:11.501Z
0013A20040B09A44,0.04,2016-12-10T21:48:21.801Z
0013A20040B09A44,0.03,2016-12-10T21:48:32.102Z
0013A20040B09A44,0.04,2016-12-10T21:48:42.402Z
0013A20040B09A44,0.04,2016-12-10T21:48:52.697Z
0013A20040B09A44,0.03,2016-12-10T21:49:03.000Z
0013A20040B09A44,0.04,2016-12-10T21:49:13.296Z
0013A20040B09A44,0.04,2016-12-10T21:49:23.600Z
0013A20040B09A44,0.04,2016-12-10T21:49:33.900Z
0013A20040B09A44,0.04,2016-12-10T21:49:44.204Z
0013A20040B09A44,0.04,2016-12-10T21:49:54.500Z
0013A20040B09A44,0.04,2016-12-10T21:50:04.803Z
0013A20040B09A44,0.04,2016-12-10T21:50:15.102Z
0013A20040B09A44,0.03,2016-12-10T21:50:25.401Z
0013A20040B09A44,0.04,2016-12-10T21:50:35.702Z
0013A20040B09A44,0.04,2016-12-10T21:50:46.001Z
0013A20040B09A44,0.04,2016-12-10T21:50:56.303Z
0013A20040B09A44,0.04,2016-12-10T21:51:06.601Z
0013A20040B09A44,0.04,2016-12-10T21:51:16.901Z
0013A20040B09A44,0.05,2016-12-10T21:51:27.202Z
0013A20040B09A44,0.04,2016-12-10T21:51:37.501Z
0013A20040B09A44,0.04,2016-12-10T21:51:47.804Z
0013A20040B09A44,0.04,2016-12-10T21:51:58.104Z
0013A20040B09A44,0.05,2016-12-10T21:52:08.404Z
0013A20040B09A44,0.04,2016-12-10T21:52:18.703Z
0013A20040B09A44,0.05,2016-12-10T21:52:29.004Z
0013A20040B09A44,0.04,2016-12-10T21:52:39.305Z
0013A20040B09A44,0.04,2016-12-10T21:52:49.755Z
0013A20040B09A44,0.04,2016-12-10T21:52:59.906Z
0013A20040B09A44,0.05,2016-12-10T21:53:10.205Z
0013A20040B09A44,0.04,2016-12-10T21:53:20.508Z
0013A20040B09A44,0.04,2016-12-10T21:53:30.808Z
0013A20040B09A44,0.04,2016-12-10T21:53:41.110Z
0013A20040B09A44,0.04,2016-12-10T21:53:51.411Z
0013A20040B09A44,0.05,2016-12-10T21:54:01.709Z
0013A20040B09A44,0.04,2016-12-10T21:54:12.008Z
0013A20040B09A44,0.05,2016-12-10T21:54:22.308Z
0013A20040B09A44,0.05,2016-12-10T21:54:32.612Z
0013A20040B09A44,0.04,2016-12-10T21:54:42.908Z
0013A20040B09A44,0.04,2016-12-10T21:54:53.210Z
0013A20040B09A44,0.04,2016-12-10T21:55:03.511Z
0013A20040B09A44,0.04,2016-12-10T21:55:13.923Z
0013A20040B09A44,0.04,2016-12-10T21:55:24.126Z
0013A20040B09A44,0.04,2016-12-10T21:55:34.410Z
0013A20040B09A44,0.04,2016-12-10T21:55:44.822Z
0013A20040B09A44,0.04,2016-12-10T21:55:55.007Z
0013A20040B09A44,0.05,2016-12-10T21:56:05.310Z
0013A20040B09A44,0.04,2016-12-10T21:56:15.613Z
0013A20040B09A44,0.05,2016-12-10T21:56:25.916Z
0013A20040B09A44,0.04,2016-12-10T21:56:36.213Z
0013A20040B09A44,0.04,2016-12-10T21:56:46.512Z
0013A20040B09A44,0.04,2016-12-10T21:56:56.824Z
0013A20040B09A44,0.04,2016-12-10T21:57:07.116Z
0013A20040B09A44,0.04,2016-12-10T21:57:17.411Z
0013A20040B09A44,0.04,2016-12-10T21:57:27.713Z
0013A20040B09A44,0.04,2016-12-10T21:57:38.012Z
0013A20040B09A44,0.04,2016-12-10T21:57:48.313Z
0013A20040B09A44,0.04,2016-12-10T21:57:58.610Z
0013A20040B09A44,0.04,2016-12-10T21:58:08.914Z
0013A20040B09A44,0.04,2016-12-10T21:58:19.214Z
0013A20040B09A44,0.04,2016-12-10T21:58:29.517Z
0013A20040B09A44,0.04,2016-12-10T21:58:41.380Z
0013A20040B09A44,0.05,2016-12-10T21:58:50.116Z
0013A20040B09A44,0.04,2016-12-10T21:59:00.417Z
0013A20040B09A44,0.04,2016-12-10T21:59:10.717Z
0013A20040B09A44,0.04,2016-12-10T21:59:21.016Z
0013A20040B09A44,0.04,2016-12-10T21:59:31.316Z
0013A20040B09A44,0.04,2016-12-10T21:59:41.614Z
0013A20040B09A44,0.04,2016-12-10T21:59:51.917Z
0013A20040B09A44,0.05,2016-12-10T22:00:02.219Z
0013A20040B09A44,0.04,2016-12-10T22:00:12.519Z
0013A20040B09A44,0.04,2016-12-10T22:00:22.818Z
0013A20040B09A44,0.04,2016-12-10T22:00:33.118Z
0013A20040B09A44,0.05,2016-12-10T22:00:43.417Z
0013A20040B09A44,0.04,2016-12-10T22:00:53.718Z
0013A20040B09A44,0.04,2016-12-10T22:01:04.021Z
0013A20040B09A44,0.04,2016-12-10T22:01:14.318Z
0013A20040B09A44,0.04,2016-12-10T22:01:24.620Z
0013A20040B09A44,0.05,2016-12-10T22:01:34.920Z
0013A20040B09A44,0.05,2016-12-10T22:01:45.221Z
0013A20040B09A44,0.04,2016-12-10T22:01:55.524Z
0013A20040B09A44,0.05,2016-12-10T22:02:05.820Z
0013A20040B09A44,0.04,2016-12-10T22:02:16.123Z
0013A20040B09A44,0.05,2016-12-10T22:02:26.423Z
0013A20040B09A44,0.05,2016-12-10T22:02:36.720Z
0013A20040B09A44,0.05,2016-12-10T22:02:47.027Z
0013A20040B09A44,0.04,2016-12-10T22:02:57.322Z
0013A20040B09A44,0.04,2016-12-10T22:03:07.630Z
0013A20040B09A44,0.05,2016-12-10T22:03:17.925Z
0013A20040B09A44,0.05,2016-12-10T22:03:28.225Z
0013A20040B09A44,0.05,2016-12-10T22:03:38.525Z
0013A20040B09A44,0.05,2016-12-10T22:03:48.992Z
